{
  "view/Upload.view.xml": 1698592415780,
  "manifest.json": 1698822490540,
  "utils/xlsx.js": 1677558161019,
  "utils/locate-reuse-libs.js": 1675959339299,
  "model/models.js": 1675959339299,
  "model/formatter.js": 1675959339319,
  "controller/Worklist.controller.js": 1675959339315,
  "controller/Upload.controller.js": 1698822360956,
  "controller/Object.controller.js": 1676182018699,
  "controller/NotFound.controller.js": 1675959339311,
  "controller/ErrorHandler.js": 1675959339307,
  "controller/BaseController.js": 1675959339303,
  "controller/App.controller.js": 1675959339303,
  "Component.js": 1675959339287,
  "Component-preload.js": 1698822493832,
  "controller/NotFound-dbg.controller.js": 1675959339311,
  "utils/locate-reuse-libs-dbg.js": 1675959339299,
  "model/models-dbg.js": 1675959339299,
  "model/formatter-dbg.js": 1675959339319,
  "controller/Worklist-dbg.controller.js": 1675959339315,
  "controller/Upload-dbg.controller.js": 1698822360956,
  "controller/Object-dbg.controller.js": 1676182018699,
  "utils/xlsx-dbg.js": 1677558161019,
  "controller/ErrorHandler-dbg.js": 1675959339307,
  "controller/BaseController-dbg.js": 1675959339303,
  "controller/App-dbg.controller.js": 1675959339303,
  "Component-dbg.js": 1675959339287,
  "view/Worklist.view.xml": 1675963117026,
  "i18n/i18n.properties": 1675959339295,
  "view/ObjectNotFound.view.xml": 1675959339331,
  "view/Object.view.xml": 1675962945084,
  "view/NotFound.view.xml": 1675959339327,
  "view/App.view.xml": 1676019410110,
  "css/style.css": 1698593126948,
  "index.html": 1698378922365,
  "file_upload.xsjs": 1676181717475
}